Condition	N_clones_mean	N_clones_se
ACVR1 mutant	116.5	14.465476141489432
ACVR1 KO	68.66666666666667	9.914355472971726
