Condition	Doubling_mean	Doubling_sd
ACVR1 mutant	30.754166666666666	2.5267566646640596
ACVR1 KO	43.159166666666664	3.1855253836215107
