Cell_line	Doubling_mean	Doubling_sd
DIPG36	30.41888888888889	3.1698795105036903
DIPGIV	30.754166666666666	2.5267566646640596
DIPGXIII	51.14	2.197604756699134
HSJ-019	55.95666666666666	2.372136870699775
